{"cameraMode":{"drawMode":0,"name":"Shaded","section":"Shading Mode"},"sceneLighting":true,"audioPlay":false,"sceneViewState":{"showFog":false,"showMaterialUpdate":false,"showSkybox":true,"showFlares":true,"showImageEffects":true,"showParticleSystems":true},"in2DMode":false,"pivot":{"x":-17.158302307128908,"y":-17.913305282592775,"z":-41.397132873535159},"rotation":{"x":0.21171452105045319,"y":-0.7322718501091003,"z":0.26192107796669009,"w":0.5919140577316284},"size":13.829950332641602,"orthographic":false}