{"cameraMode":{"drawMode":0,"name":"Shaded","section":"Shading Mode"},"sceneLighting":true,"audioPlay":false,"sceneViewState":{"showFog":false,"showMaterialUpdate":false,"showSkybox":true,"showFlares":true,"showImageEffects":true,"showParticleSystems":true},"in2DMode":false,"pivot":{"x":2.7434604167938234,"y":-11.469213485717774,"z":-18.098983764648439},"rotation":{"x":-0.0025754219386726619,"y":0.9440621733665466,"z":-0.32970601320266726,"w":-0.007368714082986116},"size":18.145944595336915,"orthographic":false}