{"cameraMode":{"drawMode":0,"name":"Shaded","section":"Shading Mode"},"sceneLighting":true,"audioPlay":false,"sceneViewState":{"showFog":false,"showMaterialUpdate":false,"showSkybox":true,"showFlares":true,"showImageEffects":true,"showParticleSystems":true},"in2DMode":false,"pivot":{"x":-2.3237695693969728,"y":0.24340581893920899,"z":1.5355017185211182},"rotation":{"x":-0.3018815815448761,"y":0.595676600933075,"z":-0.25748395919799807,"w":-0.6983856558799744},"size":2.6118595600128176,"orthographic":false}