{"cameraMode":{"drawMode":0,"name":"Shaded","section":"Shading Mode"},"sceneLighting":true,"audioPlay":false,"sceneViewState":{"showFog":false,"showMaterialUpdate":false,"showSkybox":true,"showFlares":true,"showImageEffects":true,"showParticleSystems":true},"in2DMode":false,"pivot":{"x":-1.424561619758606,"y":-0.7101905345916748,"z":0.7372541427612305},"rotation":{"x":-0.3018815815448761,"y":0.595676600933075,"z":-0.25748395919799807,"w":-0.6983856558799744},"size":2.1784141063690187,"orthographic":false}