{"cameraMode":{"drawMode":0,"name":"Shaded","section":"Shading Mode"},"sceneLighting":true,"audioPlay":false,"sceneViewState":{"showFog":false,"showMaterialUpdate":false,"showSkybox":true,"showFlares":true,"showImageEffects":true,"showParticleSystems":true},"in2DMode":false,"pivot":{"x":-9.275603294372559,"y":-10.391304016113282,"z":-18.853286743164064},"rotation":{"x":-0.07478459924459458,"y":0.9197524785995483,"z":-0.3196684718132019,"w":-0.21516485512256623},"size":15.985843658447266,"orthographic":false}