{"cameraMode":{"drawMode":0,"name":"Shaded","section":"Shading Mode"},"sceneLighting":true,"audioPlay":false,"sceneViewState":{"showFog":false,"showMaterialUpdate":false,"showSkybox":true,"showFlares":true,"showImageEffects":true,"showParticleSystems":true},"in2DMode":false,"pivot":{"x":-0.0743107944726944,"y":4.743959426879883,"z":-12.074907302856446},"rotation":{"x":-0.32934457063674929,"y":0.044733140617609027,"z":0.015617888420820237,"w":0.9430240392684937},"size":0.2188931107521057,"orthographic":false}