{"cameraMode":{"drawMode":0,"name":"Shaded","section":"Shading Mode"},"sceneLighting":true,"audioPlay":false,"sceneViewState":{"showFog":false,"showMaterialUpdate":false,"showSkybox":true,"showFlares":true,"showImageEffects":true,"showParticleSystems":true},"in2DMode":false,"pivot":{"x":-3.1624982357025148,"y":-0.1918957233428955,"z":-3.5600738525390627},"rotation":{"x":0.14100675284862519,"y":0.8447136878967285,"z":-0.27105090022087099,"w":0.4394388794898987},"size":2.4073948860168459,"orthographic":false}