{"cameraMode":{"drawMode":0,"name":"Shaded","section":"Shading Mode"},"sceneLighting":true,"audioPlay":false,"sceneViewState":{"showFog":false,"showMaterialUpdate":false,"showSkybox":true,"showFlares":true,"showImageEffects":true,"showParticleSystems":true},"in2DMode":false,"pivot":{"x":-1.214657187461853,"y":-1.2721531391143799,"z":1.2093037366867066},"rotation":{"x":-0.1186523586511612,"y":0.8070576190948486,"z":-0.17354558408260346,"w":-0.5517814755439758},"size":1.7965621948242188,"orthographic":false}