{"cameraMode":{"drawMode":0,"name":"Shaded","section":"Shading Mode"},"sceneLighting":false,"audioPlay":false,"sceneViewState":{"showFog":false,"showMaterialUpdate":false,"showSkybox":false,"showFlares":true,"showImageEffects":true,"showParticleSystems":true},"in2DMode":false,"pivot":{"x":-0.10815078020095825,"y":0.7832568883895874,"z":-0.013703465461730957},"rotation":{"x":-0.16889257729053498,"y":0.8146358132362366,"z":-0.29137730598449709,"w":-0.47218602895736697},"size":1.2598004341125489,"orthographic":false}