{"cameraMode":{"drawMode":0,"name":"Shaded","section":"Shading Mode"},"sceneLighting":true,"audioPlay":false,"sceneViewState":{"showFog":false,"showMaterialUpdate":false,"showSkybox":true,"showFlares":true,"showImageEffects":true,"showParticleSystems":true},"in2DMode":false,"pivot":{"x":-13.879037857055664,"y":-4.028657913208008,"z":2.7929606437683107},"rotation":{"x":-0.21294669806957246,"y":0.5638085007667542,"z":-0.15330876410007478,"w":-0.7831211686134338},"size":14.519102096557618,"orthographic":false}