{"cameraMode":{"drawMode":0,"name":"Shaded","section":"Shading Mode"},"sceneLighting":true,"audioPlay":false,"sceneViewState":{"showFog":false,"showMaterialUpdate":false,"showSkybox":true,"showFlares":true,"showImageEffects":true,"showParticleSystems":true},"in2DMode":false,"pivot":{"x":-0.2893218994140625,"y":3.261040210723877,"z":-0.8228276968002319},"rotation":{"x":-0.05647981911897659,"y":0.7257263660430908,"z":-0.060007400810718539,"w":-0.6830329298973084},"size":3.324744462966919,"orthographic":false}