{"cameraMode":{"drawMode":0,"name":"Shaded","section":"Shading Mode"},"sceneLighting":true,"audioPlay":false,"sceneViewState":{"showFog":false,"showMaterialUpdate":false,"showSkybox":true,"showFlares":true,"showImageEffects":true,"showParticleSystems":true},"in2DMode":false,"pivot":{"x":0.08269500732421875,"y":3.228426933288574,"z":-3.075739622116089},"rotation":{"x":-0.21400189399719239,"y":0.7322384715080261,"z":-0.265886127948761,"w":-0.5893517732620239},"size":9.832571029663086,"orthographic":false}