{"cameraMode":{"drawMode":0,"name":"Shaded","section":"Shading Mode"},"sceneLighting":true,"audioPlay":false,"sceneViewState":{"showFog":false,"showMaterialUpdate":false,"showSkybox":true,"showFlares":true,"showImageEffects":true,"showParticleSystems":true},"in2DMode":false,"pivot":{"x":-0.2947884202003479,"y":1.0399285554885865,"z":-0.014950374141335488},"rotation":{"x":0.17516322433948518,"y":0.7241084575653076,"z":-0.19923414289951325,"w":0.6366237998008728},"size":1.6288657188415528,"orthographic":false}